model,horizon_minutes,camera_id,label,MAE,RMSE,n
FNN,10,2701,congested,14.841019,16.248675,14
FNN,10,2701,free,7.974139,10.037004,115
FNN,10,2701,moderate,10.844156,12.863022,31
FNN,10,2702,congested,8.822763,10.037766,23
FNN,10,2702,free,5.59392,7.033986,88
FNN,10,2702,moderate,6.251519,7.543115,50
FNN,10,2704,congested,8.018963,9.525595,19
FNN,10,2704,free,3.230876,4.101005,100
FNN,10,2704,moderate,4.752176,5.497716,44
FNN,10,4703,congested,14.159701,16.422874,23
FNN,10,4703,free,6.473058,8.218048,84
FNN,10,4703,moderate,12.928358,15.495839,39
FNN,10,4712,congested,3.488016,5.023869,14
FNN,10,4712,free,2.24449,2.838516,112
FNN,10,4712,moderate,2.855334,4.212457,29
FNN,10,4713,congested,8.231427,9.47602,24
FNN,10,4713,free,3.231975,4.39861,80
FNN,10,4713,moderate,4.714237,5.65616,38
FNN,10,4798,congested,5.51845,6.017972,7
FNN,10,4798,free,2.268954,2.821569,51
FNN,10,4798,moderate,4.08558,4.970333,29
FNN,10,4799,congested,5.445374,6.330505,20
FNN,10,4799,free,3.676466,4.710485,55
FNN,10,4799,moderate,4.722172,5.757342,51
FNN,30,2701,congested,17.832772,18.823482,15
FNN,30,2701,free,9.412094,11.889517,114
FNN,30,2701,moderate,12.584203,15.076974,31
FNN,30,2702,congested,9.242948,10.24027,23
FNN,30,2702,free,6.318064,7.722199,88
FNN,30,2702,moderate,7.298405,8.700691,50
FNN,30,2704,congested,9.646596,11.575256,18
FNN,30,2704,free,3.457013,4.378084,101
FNN,30,2704,moderate,4.798315,5.965513,44
FNN,30,4703,congested,16.432024,18.319242,23
FNN,30,4703,free,7.324438,9.376979,83
FNN,30,4703,moderate,16.428977,18.951307,40
FNN,30,4712,congested,4.192901,6.122327,13
FNN,30,4712,free,2.300508,3.165914,112
FNN,30,4712,moderate,3.50321,5.218401,30
FNN,30,4713,congested,9.652077,10.94061,23
FNN,30,4713,free,3.600873,4.624535,81
FNN,30,4713,moderate,5.091315,6.668112,38
FNN,30,4798,congested,5.700827,6.202007,7
FNN,30,4798,free,2.296832,2.80048,50
FNN,30,4798,moderate,4.284518,5.125886,29
FNN,30,4799,congested,6.453197,7.310219,19
FNN,30,4799,free,3.937065,5.14107,55
FNN,30,4799,moderate,4.957516,5.938229,51
FNN,120,2701,congested,22.622601,23.661207,17
FNN,120,2701,free,10.679116,13.466272,113
FNN,120,2701,moderate,15.747116,18.506154,30
FNN,120,2702,congested,12.723859,13.536116,20
FNN,120,2702,free,7.407204,8.625369,89
FNN,120,2702,moderate,9.96694,11.216196,50
FNN,120,2704,congested,14.347577,18.08234,13
FNN,120,2704,free,3.648067,4.768845,105
FNN,120,2704,moderate,5.579796,7.685124,44
FNN,120,4703,congested,20.945706,24.261514,22
FNN,120,4703,free,7.958874,10.544596,83
FNN,120,4703,moderate,18.656546,21.756179,38
FNN,120,4712,congested,7.151146,10.552944,12
FNN,120,4712,free,2.412391,3.090084,111
FNN,120,4712,moderate,5.328001,8.117717,28
FNN,120,4713,congested,10.930977,12.199219,22
FNN,120,4713,free,3.715485,4.829523,82
FNN,120,4713,moderate,6.619265,8.329324,33
FNN,120,4798,congested,5.874137,6.027511,6
FNN,120,4798,free,2.616667,3.108104,48
FNN,120,4798,moderate,4.685445,5.421857,28
FNN,120,4799,congested,6.723404,7.722545,20
FNN,120,4799,free,4.228397,5.444395,56
FNN,120,4799,moderate,5.944913,6.834528,47
GRU,10,2701,congested,16.612169,17.434176,14
GRU,10,2701,free,7.226806,9.046796,115
GRU,10,2701,moderate,9.302886,11.507702,31
GRU,10,2702,congested,11.395148,12.366602,23
GRU,10,2702,free,4.248003,5.38232,88
GRU,10,2702,moderate,7.21111,8.604024,50
GRU,10,2704,congested,11.303608,13.613222,19
GRU,10,2704,free,2.941233,3.6155,100
GRU,10,2704,moderate,4.0629,6.108588,44
GRU,10,4703,congested,14.693708,16.46232,23
GRU,10,4703,free,8.366978,9.641312,84
GRU,10,4703,moderate,11.245562,13.441575,39
GRU,10,4712,congested,5.279911,7.564064,14
GRU,10,4712,free,4.133323,4.721324,112
GRU,10,4712,moderate,4.972962,6.331296,29
GRU,10,4713,congested,8.439307,9.276274,24
GRU,10,4713,free,3.029226,3.698149,80
GRU,10,4713,moderate,4.545166,5.413628,38
GRU,10,4798,congested,3.795565,4.314078,7
GRU,10,4798,free,2.185684,2.679569,51
GRU,10,4798,moderate,2.757468,3.538717,29
GRU,10,4799,congested,5.504734,6.332914,20
GRU,10,4799,free,3.313318,4.445324,55
GRU,10,4799,moderate,4.953316,5.755114,51
GRU,30,2701,congested,17.714687,18.360215,15
GRU,30,2701,free,7.454113,9.310508,114
GRU,30,2701,moderate,9.674445,11.787769,31
GRU,30,2702,congested,11.947369,12.898818,23
GRU,30,2702,free,4.511895,5.655291,88
GRU,30,2702,moderate,7.730721,9.00691,50
GRU,30,2704,congested,11.711531,13.948713,18
GRU,30,2704,free,2.827256,3.447862,101
GRU,30,2704,moderate,4.212493,6.26656,44
GRU,30,4703,congested,15.751554,17.712431,23
GRU,30,4703,free,8.542832,9.615516,83
GRU,30,4703,moderate,11.938572,14.133077,40
GRU,30,4712,congested,5.078821,7.57788,13
GRU,30,4712,free,3.842862,4.442986,112
GRU,30,4712,moderate,4.522292,5.911896,30
GRU,30,4713,congested,9.128524,10.03239,23
GRU,30,4713,free,3.191612,3.894219,81
GRU,30,4713,moderate,5.059999,6.044794,38
GRU,30,4798,congested,3.881904,4.362661,7
GRU,30,4798,free,1.98411,2.461003,50
GRU,30,4798,moderate,2.900646,3.724059,29
GRU,30,4799,congested,6.188765,7.007645,19
GRU,30,4799,free,3.586662,4.696991,55
GRU,30,4799,moderate,5.515144,6.328615,51
GRU,120,2701,congested,20.346684,21.026897,17
GRU,120,2701,free,7.726211,10.395239,113
GRU,120,2701,moderate,11.680614,13.823292,30
GRU,120,2702,congested,14.010946,14.522805,20
GRU,120,2702,free,5.004589,6.255477,89
GRU,120,2702,moderate,8.841417,10.007415,50
GRU,120,2704,congested,12.918822,15.99431,13
GRU,120,2704,free,2.698129,3.546707,105
GRU,120,2704,moderate,4.527583,6.745149,44
GRU,120,4703,congested,17.70546,20.648824,22
GRU,120,4703,free,8.63237,10.218019,83
GRU,120,4703,moderate,12.492805,15.086291,38
GRU,120,4712,congested,5.488482,8.135205,12
GRU,120,4712,free,3.468787,4.070887,111
GRU,120,4712,moderate,4.191906,5.985581,28
GRU,120,4713,congested,9.824862,10.88855,22
GRU,120,4713,free,3.531259,4.412454,82
GRU,120,4713,moderate,5.73113,6.881169,33
GRU,120,4798,congested,4.519057,4.901671,6
GRU,120,4798,free,1.955666,2.368304,48
GRU,120,4798,moderate,3.328285,4.134917,28
GRU,120,4799,congested,6.61045,7.746173,20
GRU,120,4799,free,4.175143,5.309613,56
GRU,120,4799,moderate,6.579514,7.348552,47
STGCN,10,2701,congested,12.25829,13.968148,14
STGCN,10,2701,free,7.461969,9.349725,115
STGCN,10,2701,moderate,8.943346,11.21867,31
STGCN,10,2702,congested,6.354514,8.348315,23
STGCN,10,2702,free,5.931778,7.343643,88
STGCN,10,2702,moderate,5.510514,6.99635,50
STGCN,10,2704,congested,7.098172,8.823223,19
STGCN,10,2704,free,3.832863,4.678344,100
STGCN,10,2704,moderate,4.25796,5.330499,44
STGCN,10,4703,congested,12.310522,14.990913,23
STGCN,10,4703,free,6.682156,8.082843,84
STGCN,10,4703,moderate,11.902521,14.632717,39
STGCN,10,4712,congested,4.196388,5.604167,14
STGCN,10,4712,free,2.315797,3.062525,112
STGCN,10,4712,moderate,3.581716,4.800469,29
STGCN,10,4713,congested,8.099882,9.786446,24
STGCN,10,4713,free,4.28407,5.284921,80
STGCN,10,4713,moderate,4.151369,5.151792,38
STGCN,10,4798,congested,5.611148,6.437574,7
STGCN,10,4798,free,3.088679,3.782334,51
STGCN,10,4798,moderate,5.123151,6.009843,29
STGCN,10,4799,congested,6.405986,7.460181,20
STGCN,10,4799,free,4.526078,5.698574,55
STGCN,10,4799,moderate,5.680396,6.803686,51
STGCN,30,2701,congested,13.652859,15.397928,15
STGCN,30,2701,free,9.673182,12.004307,114
STGCN,30,2701,moderate,11.12992,13.597329,31
STGCN,30,2702,congested,6.083206,8.279879,23
STGCN,30,2702,free,7.396138,8.886123,88
STGCN,30,2702,moderate,6.44978,8.556677,50
STGCN,30,2704,congested,7.907782,9.667807,18
STGCN,30,2704,free,4.175764,5.042367,101
STGCN,30,2704,moderate,4.660901,5.84834,44
STGCN,30,4703,congested,12.283418,15.293824,23
STGCN,30,4703,free,7.556731,9.156913,83
STGCN,30,4703,moderate,14.724394,17.645509,40
STGCN,30,4712,congested,4.721064,6.830772,13
STGCN,30,4712,free,2.428795,3.251062,112
STGCN,30,4712,moderate,3.994943,5.546485,30
STGCN,30,4713,congested,8.798641,10.690133,23
STGCN,30,4713,free,4.976374,6.003835,81
STGCN,30,4713,moderate,4.604184,6.097514,38
STGCN,30,4798,congested,5.734672,6.584849,7
STGCN,30,4798,free,3.132969,3.856413,50
STGCN,30,4798,moderate,5.255292,6.161396,29
STGCN,30,4799,congested,7.501706,8.426416,19
STGCN,30,4799,free,5.066509,6.424232,55
STGCN,30,4799,moderate,6.020999,7.192306,51
STGCN,120,2701,congested,14.39208,17.468204,17
STGCN,120,2701,free,12.290268,14.742468,113
STGCN,120,2701,moderate,13.722609,17.073238,30
STGCN,120,2702,congested,6.89363,9.20141,20
STGCN,120,2702,free,10.306137,11.686878,89
STGCN,120,2702,moderate,9.363507,11.330208,50
STGCN,120,2704,congested,12.409164,14.512528,13
STGCN,120,2704,free,5.907047,6.741597,105
STGCN,120,2704,moderate,7.017722,7.925942,44
STGCN,120,4703,congested,12.063644,15.322228,22
STGCN,120,4703,free,11.301496,14.347954,83
STGCN,120,4703,moderate,16.376828,20.050462,38
STGCN,120,4712,congested,6.468931,8.845156,12
STGCN,120,4712,free,3.204539,3.906916,111
STGCN,120,4712,moderate,5.349798,7.204781,28
STGCN,120,4713,congested,8.232882,10.545085,22
STGCN,120,4713,free,6.654502,7.716392,82
STGCN,120,4713,moderate,5.280985,6.741623,33
STGCN,120,4798,congested,6.164924,6.897433,6
STGCN,120,4798,free,3.239016,3.928391,48
STGCN,120,4798,moderate,5.210287,6.084292,28
STGCN,120,4799,congested,7.880673,8.756249,20
STGCN,120,4799,free,5.609615,6.889178,56
STGCN,120,4799,moderate,6.3201,7.826547,47
