EVAR,MAE,MAPE,MSE,R2,RMSE,camera_count,experiment_id,horizon_minutes,masked_MAE,masked_MAPE,masked_MSE,masked_RMSE,model,model_weights,prediction_file,run_id
0.44931674003601074,3.4289155753035296,inf,23.09656117046631,0.7890914180344099,4.805888177066369,8,7001,5,3.66179819468941,0.6058526039123535,25.748981073833672,5.074345383774509,FNN,best_model.tar,predictions.npz,run_20260913_212015
0.44931674003601074,3.728224012412523,inf,31.670453819378594,0.7108436673626,5.62765082600001,8,7001,15,4.116256014548521,0.6058526039123535,35.502866289174335,5.9584281726957435,FNN,best_model.tar,predictions.npz,run_20260913_212015
0.44931674003601074,5.453812480600257,inf,60.65677693908807,0.44821068906350614,7.788246075920307,8,7001,60,5.676538916007813,0.6058526039123535,65.75896691711213,8.109190275059042,FNN,best_model.tar,predictions.npz,run_20260913_212015
0.4473455548286438,4.388281896553542,inf,35.947558370562284,0.6717412386587115,5.9956282715460505,8,7002,5,4.678691845493657,0.8131874203681946,38.336892118133534,6.191679264798325,GRU,best_model.tar,predictions.npz,run_20260913_212015
0.4473455548286438,4.785702104317514,inf,42.861106146581065,0.608671213339409,6.546839401312749,8,7002,15,5.092072833668102,0.8131874203681946,45.83552748553577,6.770194050803549,GRU,best_model.tar,predictions.npz,run_20260913_212015
0.4473455548286438,6.039083148931202,inf,68.26648401166379,0.3789858598870114,8.262353418467633,8,7002,60,6.147935916988954,0.8131874203681946,66.99994845934476,8.185349623525239,GRU,best_model.tar,predictions.npz,run_20260913_212015
0.26600533723831177,3.62632505846651,inf,29.206938312867162,0.7332938917764046,5.404344392511192,8,7003,5,4.541105605661869,0.8434950709342957,37.00520967593348,6.083190747949096,STGCN,best_model.tar,predictions.npz,run_20260913_212015
0.26600533723831177,4.794803921015639,inf,50.260525465677176,0.5411133259103699,7.089465809613386,8,7003,15,6.066194251896864,0.8434950709342957,64.22883068732882,8.014289156708088,STGCN,best_model.tar,predictions.npz,run_20260913_212015
0.26600533723831177,8.336178237670346,inf,141.34052727295702,-0.28576221960596304,11.888672224977734,8,7003,60,10.938116542377964,0.8434950709342957,188.53030930624337,13.73063397320908,STGCN,best_model.tar,predictions.npz,run_20260913_212015
